{
    "rmse": 0.6686509370871543,
    "mae": 0.5252428056489707,
    "r2": 0.26582523803517455
}